Top pages,Clicks,Impressions,CTR,Position
https://www.croneri.co.uk/,80400,498105,16.14%,9.51
https://www.croneri.co.uk/tax-audit-accounting/my-vip-tax-team,2968,45317,6.55%,37.16
https://www.croneri.co.uk/our-experts,1839,277405,0.66%,8.32
https://www.croneri.co.uk/events,1710,36089,4.74%,11.54
https://www.croneri.co.uk/about,1533,323208,0.47%,3.53
https://www.croneri.co.uk/contact,1260,109942,1.15%,2.8
https://www.croneri.co.uk/tax-audit-accounting/ecpd,1139,128585,0.89%,11.77
https://www.croneri.co.uk/compliance/navigate-care,964,19014,5.07%,11.27
https://www.croneri.co.uk/terms-conditions,735,14064,5.23%,22.83
https://www.croneri.co.uk/compliance/navigate-business,629,25476,2.47%,11.69
https://www.croneri.co.uk/human-resources,479,39714,1.21%,20.65
https://www.croneri.co.uk/tax-audit-accounting/tax-enquiry-fee-protection,417,32479,1.28%,25.34
https://www.croneri.co.uk/health-and-safety,392,33039,1.19%,11.27
https://www.croneri.co.uk/compliance/navigate-trade,379,6766,5.6%,16.51
https://www.croneri.co.uk/health-and-safety/navigate-safety,349,52698,0.66%,10.13
https://www.croneri.co.uk/health-and-safety/navigate-environment,336,23235,1.45%,8.03
https://www.croneri.co.uk/autumn-budget-2024/,322,34377,0.94%,8.21
https://www.croneri.co.uk/accounting-firms,297,284601,0.1%,13.02
https://www.croneri.co.uk/care,281,8090,3.47%,25.31
https://www.croneri.co.uk/hri-terms-conditions,238,7839,3.04%,29.33
https://www.croneri.co.uk/library-quick-links,228,25142,0.91%,8.04
https://www.croneri.co.uk/human-resources/navigate-hr,219,23658,0.93%,13.7
https://www.croneri.co.uk/tax-audit-accounting/corporate-tax,219,19490,1.12%,9.57
https://www.croneri.co.uk/node/79,208,4033,5.16%,18.22
https://www.croneri.co.uk/tax-audit-accounting/sole-practitioner,190,33375,0.57%,11.69
https://www.croneri.co.uk/compliance/navigate-road-haulage,164,23329,0.7%,45.58
https://www.croneri.co.uk/spring-budget-2024/,157,5027,3.12%,33.4
https://www.croneri.co.uk/tax-audit-accounting/small-firm,151,45824,0.33%,12.94
https://www.croneri.co.uk/tax-audit-accounting/finance-team,113,5726,1.97%,19.92
https://www.croneri.co.uk/slavery-and-human-trafficking-statement,109,16276,0.67%,30.86
https://www.croneri.co.uk/compliance/navigate-transport,101,1426,7.08%,16.84
https://www.croneri.co.uk/section-172,92,10897,0.84%,27.44
https://www.croneri.co.uk/node/74,87,8032,1.08%,8.49
https://www.croneri.co.uk/partners,72,19732,0.36%,5.98
https://www.croneri.co.uk/products,70,817,8.57%,16.66
https://www.croneri.co.uk/gdpr-compliance-statement,65,8810,0.74%,49
https://www.croneri.co.uk/compliance,56,2357,2.38%,16.57
https://www.croneri.co.uk/privacy-policy,46,2386,1.93%,30.71
https://www.croneri.co.uk/events/archive,46,1399,3.29%,11.45
https://www.croneri.co.uk/criminal-finances-act-2017,45,5093,0.88%,40.37
https://www.croneri.co.uk/compliance/navigate-early-years,43,1659,2.59%,31.85
https://www.croneri.co.uk/compliance/navigate-education,42,3591,1.17%,20.88
https://www.croneri.co.uk/education,30,1038,2.89%,28.5
https://www.croneri.co.uk/tax-audit-accounting/large-firm,29,3496,0.83%,20.98
https://www.croneri.co.uk/node/19,29,912,3.18%,9.95
https://www.croneri.co.uk/partners/transport/1st-choice-insurance,28,17084,0.16%,18.71
https://www.croneri.co.uk/compliance/navigate-primary-care,28,2100,1.33%,23.88
https://www.croneri.co.uk/tax-audit-accounting/mid-tier,26,6451,0.4%,25.38
https://www.croneri.co.uk/health-and-safety/navigate-chemicals,26,949,2.74%,26.3
https://www.croneri.co.uk/partners/human-resources/iam,25,3769,0.66%,28.27
https://www.croneri.co.uk/health-and-safety/navigate-safety/rospa,22,4814,0.46%,31.21
https://www.croneri.co.uk/finance-and-in-house-tax-teams,19,4764,0.4%,21.92
https://www.croneri.co.uk/fraudulent-websites,19,2548,0.75%,28.54
https://www.croneri.co.uk/partners/early-years/eyrs,16,6486,0.25%,9.9
https://www.croneri.co.uk/sites/default/files/CIL Gender Pay Gap Report.pdf,16,405,3.95%,19.04
https://www.croneri.co.uk/about/feefo-exceptional-service-2024,14,2741,0.51%,39.69
https://www.croneri.co.uk/events/autumn-statement-2023,14,914,1.53%,60.96
https://www.croneri.co.uk/node/10,14,108,12.96%,19.22
https://www.croneri.co.uk/offers,13,330,3.94%,14.5
https://www.croneri.co.uk/lites,11,996,1.1%,34.83
https://www.croneri.co.uk/node/6,11,205,5.37%,24.41
https://www.croneri.co.uk/partners/sustainability/omnevue,10,1176,0.85%,6.65
https://www.croneri.co.uk/node/84,9,775,1.16%,20.15
https://www.croneri.co.uk/events/archive/2024-05,9,743,1.21%,7.44
https://www.croneri.co.uk/node/86,9,721,1.25%,25.86
https://www.croneri.co.uk/book-a-demo,8,1364,0.59%,13.99
https://www.croneri.co.uk/node/76,8,25,32%,20.88
https://www.croneri.co.uk/cookies-policy,7,3253,0.22%,37.11
https://www.croneri.co.uk/search,6,709,0.85%,39.35
https://www.croneri.co.uk/our-experts/tax/paul-robbins,6,91,6.59%,14.41
https://www.croneri.co.uk/node/85,5,1210,0.41%,23
https://www.croneri.co.uk/node/82,5,775,0.65%,31.15
https://www.croneri.co.uk/events/archive/2024-09,5,270,1.85%,5.08
https://www.croneri.co.uk/testimonials/brand-accountancy,4,444,0.9%,12.72
https://www.croneri.co.uk/tax-audit-accounting/add-ons,4,58,6.9%,9.88
https://www.croneri.co.uk/node/7,4,54,7.41%,12.59
https://www.croneri.co.uk/feefo,4,14,28.57%,6.79
https://www.croneri.co.uk/events/archive/2024-06,3,819,0.37%,8.76
https://www.croneri.co.uk/partners/tax-and-accounting/icas,3,526,0.57%,47.82
https://www.croneri.co.uk/node/87,3,522,0.57%,37.3
https://www.croneri.co.uk/events/archive/2024-04,3,309,0.97%,9.53
https://www.croneri.co.uk/node/75,2,286,0.7%,14.21
https://www.croneri.co.uk/small-firm,2,236,0.85%,26.6
https://www.croneri.co.uk/node/5,2,24,8.33%,6.79
https://www.croneri.co.uk/partners/health-and-safety/british-safety-council,2,8,25%,1.75
https://www.croneri.co.uk/sitemap,1,348,0.29%,48.03
https://www.croneri.co.uk/events/archive/2024-03,1,305,0.33%,10.7
https://www.croneri.co.uk/disclaimer,1,275,0.36%,35.46
https://www.croneri.co.uk/node/88,1,178,0.56%,28.84
https://www.croneri.co.uk/node/83,1,62,1.61%,36.85
https://www.croneri.co.uk/confirmation,1,53,1.89%,30.28
https://www.croneri.co.uk/node/206,1,52,1.92%,19.12
https://www.croneri.co.uk/feefo-excellence-2024,1,51,1.96%,41.25
https://www.croneri.co.uk/node/23,1,50,2%,33.32
https://www.croneri.co.uk/node/18,1,49,2.04%,6.18
https://www.croneri.co.uk/test-lp,1,38,2.63%,9.82
https://www.croneri.co.uk/events/archive/2024-10,1,24,4.17%,6.17
https://www.croneri.co.uk/search?page=6&f%5B0%5D=type:marketing,1,12,8.33%,10
https://www.croneri.co.uk/node/12,1,4,25%,8
https://www.croneri.co.uk/customers,1,3,33.33%,5.67
https://www.croneri.co.uk/node/41,1,3,33.33%,5.67
https://www.croneri.co.uk/node/36,0,526,0%,75.19
https://www.croneri.co.uk/workforce,0,468,0%,47.51
https://www.croneri.co.uk/node/192,0,150,0%,70.91
https://www.croneri.co.uk/spring-budget-home,0,142,0%,5.96
https://www.croneri.co.uk/node/187,0,85,0%,58.28
https://www.croneri.co.uk/node/4,0,68,0%,9.34
https://www.croneri.co.uk/events/archive/2024-02,0,60,0%,17.12
https://www.croneri.co.uk/autumn-budget-2024/?utm_campaign=3627&utm_medium=website&utm_source=accountancydaily&utm_content=AD#top,0,53,0%,3.26
https://www.croneri.co.uk/products/product-training,0,53,0%,28.51
https://www.croneri.co.uk/search?page=3,0,50,0%,28.26
https://www.croneri.co.uk/partners/example,0,43,0%,23.74
https://www.croneri.co.uk/node/121,0,39,0%,33.23
https://www.croneri.co.uk/autumn-statement-home,0,38,0%,35.97
https://www.croneri.co.uk/node/120,0,24,0%,5.83
https://www.croneri.co.uk/node/73,0,23,0%,56.35
https://www.croneri.co.uk/node/39,0,22,0%,32.36
https://www.croneri.co.uk/node/11,0,20,0%,26.45
https://www.croneri.co.uk/node/37,0,19,0%,14.95
https://www.croneri.co.uk/health-and-safety/cpc,0,16,0%,79.5
https://www.croneri.co.uk/international-womens-day,0,15,0%,14.33
https://www.croneri.co.uk/events/archive/2024-07,0,15,0%,44.33
https://www.croneri.co.uk/navigate-education,0,14,0%,18.5
https://www.croneri.co.uk/node/8,0,13,0%,12.31
https://www.croneri.co.uk/home/paul-robbins-feefo,0,11,0%,23.91
https://www.croneri.co.uk/health-and-safety/navigate-chemicals/cpc,0,10,0%,68.5
https://www.croneri.co.uk/node/170,0,10,0%,70.3
https://www.croneri.co.uk/christmas-2023,0,8,0%,18.62
https://www.croneri.co.uk/node/43,0,8,0%,23
https://www.croneri.co.uk/node/24,0,7,0%,4.86
https://www.croneri.co.uk/node/205,0,6,0%,41.67
https://www.croneri.co.uk/search?page=4,0,5,0%,18.8
https://www.croneri.co.uk/node/169,0,5,0%,34.2
https://www.croneri.co.uk/compliance/navigate-primary-care/cpc,0,5,0%,69
https://www.croneri.co.uk/health-and-safety/navigate-environment/cpc,0,5,0%,74.4
https://www.croneri.co.uk/hptest,0,4,0%,6.75
https://www.croneri.co.uk/health-and-safety/navigate-safety/cpc,0,4,0%,87.5
https://www.croneri.co.uk/node/42,0,3,0%,26
https://www.croneri.co.uk/node/25,0,3,0%,29.67
https://www.croneri.co.uk/search?page=2&f%5B0%5D=type:marketing,0,2,0%,7.5
https://www.croneri.co.uk/care/cpc,0,2,0%,34
https://www.croneri.co.uk/compliance/navigate-care/cpc,0,2,0%,67
https://www.croneri.co.uk/search?page=6,0,1,0%,1
https://www.croneri.co.uk/node/20,0,1,0%,8
https://www.croneri.co.uk/node/214,0,1,0%,8
https://www.croneri.co.uk/search?page=5,0,1,0%,43