Top queries,Clicks,Impressions,CTR,Position
croner i,41112,73364,56.04%,1.08
croner-i,12708,25326,50.18%,1.07
croneri,10255,17237,59.49%,1.01
croner,2148,108969,1.97%,3.91
i croner,1113,2101,52.97%,1.02
icroner,663,4815,13.77%,2.32
corner i,631,1496,42.18%,1.08
coroner i,535,908,58.92%,1.15
i-croner,513,985,52.08%,1.01
corona i,447,948,47.15%,1.94
croner 1,409,792,51.64%,1.01
croner-i limited,342,1081,31.64%,1.04
navigate care,327,2669,12.25%,7.3
croner-1,282,551,51.18%,1
croner i login,277,25353,1.09%,6.15
croner vip,275,608,45.23%,1.49
cronier i,268,520,51.54%,1.02
croner i webinars,264,326,80.98%,1
croner-i ltd,249,893,27.88%,1.02
corneri,248,870,28.51%,2.15
cronor i,231,429,53.85%,1
croner - i,215,415,51.81%,1
croner vip tax team,212,268,79.1%,1.03
corner-i,185,377,49.07%,1.04
croner webinars,183,395,46.33%,1.23
croner taxwise,179,6155,2.91%,3.45
croner i ltd,172,625,27.52%,1.02
coroneri,158,389,40.62%,1.44
croner i vip,157,277,56.68%,1.38
croner1,144,307,46.91%,1
croner i limited,139,503,27.63%,1.03
coroner-i,123,212,58.02%,1.03
croneri ltd,117,593,19.73%,1.02
kroner i,115,282,40.78%,1.01
croner health and safety,103,4289,2.4%,3.06
cronier,103,462,22.29%,2.38
croner-i ltd.,100,149,67.11%,1
croneri.co.uk,99,341,29.03%,1
chroner i,96,164,58.54%,1.01
croner i library,95,2654,3.58%,2.04
croner-i login,89,6572,1.35%,6.08
croner eye,89,243,36.63%,1.02
croner i navigate,88,1331,6.61%,2.78
what is croner i,84,324,25.93%,1.16
what is croner-i,78,290,26.9%,1.12
i corner,76,1037,7.33%,10.76
croner i cpd,73,587,12.44%,1.51
croner hr,72,9448,0.76%,4.53
cronei,72,433,16.63%,1.76
croner i vip tax team,71,89,79.78%,1
my vip tax team,69,429,16.08%,1.9
coronai,67,152,44.08%,4.8
croners,66,3796,1.74%,5.13
croner-i library,64,1047,6.11%,2.06
croner-i navigate,58,549,10.56%,2.74
navigate hr,57,627,9.09%,6.48
croner i budget webinar,50,56,89.29%,1.05
navigate safety,45,580,7.76%,4.75
croner tax helpline,43,426,10.09%,4.69
croner i contact number,42,607,6.92%,3.27
my business hub,40,529,7.56%,19.01
croner i tax helpline,39,279,13.98%,4.87
navigate tax,39,78,50%,2.5
i-corner,37,102,36.27%,8.96
coner i,37,82,45.12%,1.02
croner-i webinars,37,50,74%,1
croner i hr,35,87,40.23%,1
croner tax,34,988,3.44%,3.28
croner i learning,32,287,11.15%,1.99
croner tax investigation insurance,29,348,8.33%,3.61
croner i helpline,29,337,8.61%,3.42
croner vip login,29,321,9.03%,2
croner-i tax and accounting,28,755,3.71%,2.42
croner i hinckley,28,519,5.39%,2.22
corona-i,25,48,52.08%,1.23
croner uk,24,1143,2.1%,3.93
icorner,24,565,4.25%,8.55
croner -i,24,229,10.48%,11.11
croner's reference book for exporters,23,418,5.5%,8.82
croner events,23,405,5.68%,4.03
croner tax wise,21,571,3.68%,2.26
croner i tax,18,486,3.7%,2.08
croner i london,18,412,4.37%,1.58
croner i taxwise,18,403,4.47%,2.5
croner i navigate learning,17,474,3.59%,2.18
croner navigate,17,232,7.33%,3.06
croner group,16,3492,0.46%,7.5
croner library,16,651,2.46%,2.07
croner i tax and accounting,15,941,1.59%,2.43
i croner login,15,688,2.18%,6.93
mybusinesshub,15,80,18.75%,9.12
croner i subscription,14,349,4.01%,5.54
0800 231 5199,14,291,4.81%,1.56
croner cpd,14,116,12.07%,1.83
croner i health and safety,14,35,40%,1
what is croner,13,559,2.33%,5.23
croner i ecpd,13,22,59.09%,1
croner i navigate care,13,19,68.42%,1
1st choice insurance,12,7866,0.15%,6.27
croner hr support,12,1648,0.73%,3.99
cch cpd,12,1142,1.05%,8.43
croner-i reviews,12,787,1.52%,11.53
cromer i,12,130,9.23%,3.09
croner-i limited t/a hr inform,12,91,13.19%,1.66
croner contact number,11,872,1.26%,5.14
croner i vip login,11,86,12.79%,2
vip tax team,11,51,21.57%,2.02
croner ltd,10,463,2.16%,4.86
navigate education,10,424,2.36%,8.32
08002315199,10,211,4.74%,6.73
croners guide,10,118,8.47%,3.06
ecpd,9,2263,0.4%,15
croner taxwise login,9,2094,0.43%,6.94
croner insurance,9,250,3.6%,5.41
croner simplify,8,9037,0.09%,7.14
cch online,8,2572,0.31%,8.92
croner i log in,8,1207,0.66%,6.31
croneri login,8,1041,0.77%,6.13
croner cch,8,266,3.01%,2.15
criminal finances act 2017 policy,8,216,3.7%,13.02
navigate care login,8,46,17.39%,17.96
navigate environment,8,32,25%,1.78
tax investigation insurance,7,3772,0.19%,46.93
vip tax,7,1001,0.7%,9.55
croner helpline,7,503,1.39%,6.64
croneri library,7,443,1.58%,2.06
chroner,7,414,1.69%,5.1
croner hr services,7,379,1.85%,3.8
my business hub login,7,166,4.22%,31.2
croner publications,7,109,6.42%,3.73
croner email address,7,85,8.24%,3.96
eyrs training,6,1115,0.54%,8.18
navigate learning,6,650,0.92%,3.33
cronor,6,571,1.05%,4.48
navigate business,6,466,1.29%,6.01
tax webinars,6,293,2.05%,36.14
croner h&s,6,208,2.88%,2.74
croner i blackfriars,6,93,6.45%,1.03
i coner,6,27,22.22%,5.07
i corona,6,17,35.29%,1.29
eyrs,5,4086,0.12%,9.61
taxwise insurance,5,1412,0.35%,13.71
i-croner login,5,279,1.79%,5.66
08445618122,5,102,4.9%,3.54
croner's reference book for exporters pdf,5,70,7.14%,6.71
krona i,5,41,12.2%,1.54
i coroner,5,13,38.46%,1.15
accounting firms,4,10078,0.04%,55.72
croner hinckley,4,2513,0.16%,8.28
croner login,4,1901,0.21%,10.44
tax wise,4,1380,0.29%,9.81
section 172 statement,4,1060,0.38%,17.89
institute of administrative management,4,885,0.45%,8.21
omnevue,4,864,0.46%,5.36
small accounting firms in uk,4,374,1.07%,26.83
croner tax and accounting,4,269,1.49%,2.05
croner reviews,4,251,1.59%,25.14
sole practitioner accountant,4,247,1.62%,10.35
croner-i tax and accounting |,4,170,2.35%,2.44
croner i training,4,102,3.92%,2.32
croner hr login,4,93,4.3%,4.91
croner-i subscription,4,54,7.41%,5.67
i,3,1301,0.23%,56.27
croners reference book for exporters,3,839,0.36%,5.24
1st choice insurance reviews,3,459,0.65%,5.86
croner health & safety,3,458,0.66%,3.11
s172 statement,3,439,0.68%,16.81
example section 172 statement,3,338,0.89%,18.14
croner advice line,3,334,0.9%,8.03
cronertaxwise,3,298,1.01%,3.22
croner i reviews,3,247,1.21%,10.56
cronery,3,243,1.23%,6.28
krona health and safety,3,226,1.33%,3.12
croner glasgow,3,207,1.45%,11.99
croner 1 login,3,174,1.72%,5.49
library croner i,3,164,1.83%,2.05
croner-i log in,3,109,2.75%,5.89
criminal finance act 2017 policy,3,88,3.41%,17.49
croner navigate learning,3,81,3.7%,2.06
medium size accounting firms,3,70,4.29%,9.94
i corner login,3,55,5.45%,5.64
croner-i navigate learning,3,53,5.66%,2.13
free tax webinars,3,10,30%,32.3
corner vip,3,9,33.33%,28.89
haulage,2,4504,0.04%,64.69
accounting company,2,2160,0.09%,48.99
first choice insurance,2,1659,0.12%,10.18
croner group ltd,2,1520,0.13%,8.71
croner house,2,1191,0.17%,9.04
navigatehr,2,1008,0.2%,8.01
accounting cpd,2,881,0.23%,34.13
gdpr compliance statement,2,812,0.25%,30.05
accounting cpd courses,2,635,0.31%,33.89
my vip,2,623,0.32%,25.52
croner.co.uk,2,437,0.46%,4.1
mid tier accounting firms uk,2,337,0.59%,11.8
gdpr policy statement,2,302,0.66%,24.6
croner peninsula,2,252,0.79%,6.81
spring budget live,2,251,0.8%,5.35
cromer hr,2,198,1.01%,3.45
brand accountancy,2,187,1.07%,8.28
chroners,2,160,1.25%,6.22
08448922473,2,154,1.3%,9.8
croner management,2,145,1.38%,6.8
croner house hinckley,2,138,1.45%,14.61
e-cpd,2,113,1.77%,7.46
how much does croner i cost,2,96,2.08%,7.22
e cpd,2,79,2.53%,5.54
croner i sign in,2,71,2.82%,8.11
medium accounting firms,2,53,3.77%,43.26
road transport legislation uk,2,51,3.92%,13.29
navigate insurance check,2,50,4%,19.82
spring budget live updates,2,45,4.44%,8.6
navigatecare,2,43,4.65%,10.02
navigate safely,2,41,4.88%,5.46
croneri navigate,2,40,5%,1.25
navigate accounting,2,35,5.71%,11.77
icoroner,2,3,66.67%,1
ikroner,2,3,66.67%,1
road haulage,1,8572,0.01%,42.24
sole practitioner,1,1598,0.06%,18.7
criminal finances act 2017,1,1236,0.08%,38.58
taxwise,1,1106,0.09%,34.39
croner legal,1,953,0.1%,3.69
section 172,1,734,0.14%,55
small accounting firms,1,731,0.14%,23.79
mid tier accounting firms,1,713,0.14%,40
tax enquiry insurance,1,663,0.15%,36
croner employment law,1,602,0.17%,70.86
accountants hinckley,1,559,0.18%,71.51
gdpr statement,1,551,0.18%,31.18
peninsula group,1,528,0.19%,34.78
my croner,1,496,0.2%,4.95
croner hr contact number,1,486,0.21%,6.36
section 172 companies act,1,430,0.23%,44.94
croner company,1,421,0.24%,10.27
croner log in,1,396,0.25%,9.48
croner logo,1,393,0.25%,1.22
peninsula business,1,387,0.26%,49.27
icorner login,1,361,0.28%,33.41
vip phone number uk,1,358,0.28%,39.83
ecpd login,1,345,0.29%,14.2
budget live,1,335,0.3%,20.86
audit software for small cpa firms,1,335,0.3%,70.08
hr inform login,1,291,0.34%,14.07
iu deepfake,1,282,0.35%,15.6
simplify croner,1,273,0.37%,10.5
accounting firms in uk,1,269,0.37%,84.31
small firm,1,249,0.4%,11.65
vip team,1,235,0.43%,35.17
pay.cronertaxwise.com,1,234,0.43%,8.43
spring budget,1,226,0.44%,85.46
uk accountancy firms,1,223,0.45%,65.43
croner taxwise helpline,1,215,0.47%,8.42
cpd accounting courses,1,207,0.48%,34.91
08448920251,1,205,0.49%,4.42
crona hr,1,203,0.49%,7.32
peninsula hr,1,179,0.56%,37.2
1 choice insurance,1,159,0.63%,7.73
navigate school,1,155,0.65%,7.46
croner training,1,152,0.66%,4.47
croner hr helpline,1,151,0.66%,6.76
what is a croner,1,145,0.69%,11.24
autumn budget 2024 webinar,1,143,0.7%,21.37
peninsula business services group limited,1,140,0.71%,10.37
accountants cpd,1,132,0.76%,50.7
croner group ltd uk,1,130,0.77%,10.85
croner phone number,1,125,0.8%,6.08
what is a section 172 statement,1,125,0.8%,10.36
small audit firms,1,119,0.84%,17.12
the institute of administrative management,1,109,0.92%,7.51
1st choice insurance shrewsbury,1,102,0.98%,6.82
mid sized accounting firms,1,95,1.05%,15.07
budget update,1,93,1.08%,46.95
accounting networks,1,83,1.2%,48.98
croner feefo,1,78,1.28%,5.81
tax and accounting firms,1,78,1.28%,39.29
company reporting,1,77,1.3%,35.16
croner-i contact number,1,69,1.45%,3.41
se1 8nw,1,65,1.54%,50.49
navigating care,1,64,1.56%,7.17
small audit firm,1,64,1.56%,65.31
mid tier firm,1,62,1.61%,12.05
croner i student legislation,1,60,1.67%,4.78
free cpd courses for accountants,1,54,1.85%,51.33
croner address,1,53,1.89%,4.55
accounting firm in uk,1,53,1.89%,85.98
in house tax,1,50,2%,5.88
s172 statement examples,1,47,2.13%,29.28
croner hr inform,1,42,2.38%,5.29
croner i cost,1,37,2.7%,9.89
vip tax services,1,36,2.78%,55.28
cronber,1,32,3.12%,6.09
croner bus,1,29,3.45%,29.55
tax writer jobs,1,27,3.7%,28.59
uk autumn budget 2024 predictions,1,27,3.7%,52.19
vip helpline,1,26,3.85%,10.88
croner i careers,1,26,3.85%,14.19
when is the autumn budget,1,24,4.17%,89.33
accounting firm support,1,23,4.35%,12.74
croner-i cpd,1,22,4.55%,1.55
crohner,1,22,4.55%,4.23
corona health and safety,1,21,4.76%,18.19
international pension webinars 2024,1,20,5%,165.15
acconting firms,1,18,5.56%,40.78
240 blackfriars road london,1,18,5.56%,90.39
tax resources,1,17,5.88%,4.06
vip corner tips,1,16,6.25%,62.12
cronier tax service,1,15,6.67%,17
uk terms and conditions,1,15,6.67%,51.2
www.croner.co.uk,1,14,7.14%,3.79
peninsulagrouplimited,1,14,7.14%,9.93
01455 858125,1,13,7.69%,4.08
fraud website check,1,13,7.69%,13
fake office website,1,12,8.33%,6.33
budget live summary,1,9,11.11%,17
autumn budget 2024 stamp duty,1,9,11.11%,63.33
croner-i tax,1,8,12.5%,2
1st choice insurance services,1,8,12.5%,40.25
crona i,1,7,14.29%,18.71
free accounting cpd uk,1,6,16.67%,25.67
croner tax advice helpline,1,4,25%,4
cronieri,1,3,33.33%,1
section 172 statement requirement,1,3,33.33%,13.33
tax webinars 2024,1,3,33.33%,22.33
pillar two,1,3,33.33%,69.33
vip croner i,1,2,50%,1.5
navigate tax and accounting,1,2,50%,2
cronero,1,1,100%,1
blackfriars library,1,1,100%,3
business insurance london,1,1,100%,5
nadia mayer,1,1,100%,5
enquiry fee,1,1,100%,8
pillar 2 webinar,1,1,100%,9
eri login,1,1,100%,15
my vio,1,1,100%,16
care navigation template,1,1,100%,30
free verifiable cpd,0,4049,0%,63.84
accounting companies,0,3903,0%,54.99
rospa,0,2770,0%,31.75
navigate,0,1947,0%,27.21
vat consultants london,0,1894,0%,113.11
croner simplify login,0,1812,0%,5.39
tax and accounting services,0,1699,0%,79.46
vat consultants,0,1574,0%,137.21
lite health and safety,0,1358,0%,40.05
accounting businesses,0,1318,0%,13.72
bright hr peninsula,0,1314,0%,38.18
accounting services,0,1291,0%,62.49
cpd for accountants,0,1288,0%,53.8
road haulage uk,0,1234,0%,43.12
cch,0,1222,0%,42.33
croner-i news,0,1216,0%,7.11
auditing firms,0,1205,0%,38.39
accountancy firms,0,1138,0%,32.18
peninsula bright hr,0,1098,0%,44.31
sole,0,1080,0%,74.7
tax investigation protection,0,1077,0%,60.51
it support for accounting firms,0,1061,0%,87.13
retail hr help,0,1061,0%,129.67
hr support for retail,0,1051,0%,162.46
road transport,0,1033,0%,43.34
road haulage transport,0,1024,0%,36.86
accounting firms uk,0,991,0%,76.4
tax accounting firms,0,887,0%,30.46
uk accounting firms,0,886,0%,77.02
peninsula business services,0,882,0%,55.24
navigate mid,0,858,0%,7.35
tax audit software,0,835,0%,37.98
tax firms,0,833,0%,37.24
what is road haulage,0,806,0%,35.21
i hr,0,797,0%,8.76
online cpd for accountants,0,790,0%,41.18
hr support for retailers,0,762,0%,115.88
julie garrod,0,747,0%,58.63
accountancy cpd,0,714,0%,38.02
vip time,0,710,0%,56.26
tax investigation service insurance,0,694,0%,48.82
accountant cpd,0,681,0%,50.29
professional accounting services,0,673,0%,60.88
it support for accountancy firms,0,672,0%,73.72
hr accountants,0,667,0%,62.82
accounting firm,0,666,0%,67.28
i co,0,665,0%,33.16
myvip,0,659,0%,44.21
tax and accounting,0,658,0%,26.06
corona hr,0,656,0%,3.96
criminal finances act,0,624,0%,47.72
vat advisor,0,623,0%,61.12
peninsula group limited,0,622,0%,17.06
online accounting firms,0,616,0%,27.15
human resources products,0,611,0%,70.17
i safety,0,605,0%,32.78
edward thomas umbrella company,0,601,0%,55.15
accounting and tax services,0,582,0%,108.19
cpd courses for accountants,0,576,0%,39.23
accounting services near me,0,553,0%,119.62
gdpr remote access policy,0,550,0%,51.27
hmrc investigation insurance,0,549,0%,62.91
auditors firms,0,536,0%,38.35
accounting firm services,0,534,0%,30.87
spring budget summary,0,522,0%,51.59
accounting practitioner,0,518,0%,34.83
road transport and haulage,0,514,0%,26.04
the criminal finances act 2017,0,513,0%,49.46
road haulage company,0,504,0%,81.19
vip number,0,486,0%,51.14
primary care compliance,0,481,0%,35.01
feefo logo,0,480,0%,56.37
insurance shrewsbury,0,472,0%,66.52
cipd hr inform,0,467,0%,6.71
iam professional,0,466,0%,31.23
vip line,0,458,0%,26.98
personal tax accountant near me,0,458,0%,117.6
small accountancy firms,0,457,0%,19.15
auditing accounting firms,0,457,0%,59.84
auditing firm,0,456,0%,78.02
fca experts,0,455,0%,81.29
section 172 corporate governance,0,452,0%,25.85
feefo,0,446,0%,66.04
accountancy cpd uk,0,434,0%,24.14
accountancy cpd courses,0,430,0%,39.57
accounting firm tax,0,425,0%,41.4
small accountancy firms london,0,424,0%,62.46
free online cpd courses for accountants,0,423,0%,72.99
icas,0,420,0%,52.14
croner consulting,0,411,0%,7.46
taxwise tax investigation insurance,0,409,0%,10.21
tax investigation cover,0,408,0%,39.75
criminal finance act,0,407,0%,56.36
taxwise services ltd,0,401,0%,41.35
feefo login,0,401,0%,57.63
vat adviser,0,398,0%,85.36
your accounting experts,0,396,0%,44.79
accountant resources,0,395,0%,48.77
small accountancy firms in london,0,394,0%,74.74
cch library,0,393,0%,7.24
professional accounting and tax services,0,392,0%,47.98
hr terms and conditions,0,389,0%,11.71
h r accountants,0,382,0%,60.43
navigate human resources,0,380,0%,16.62
section 172 reporting,0,380,0%,29.93
cch accountancy,0,379,0%,23.48
tax and accounting professionals,0,377,0%,18.16
gdpr statement companies uk,0,375,0%,16.63
section 172 companies act 2006 and corporate social responsibility,0,375,0%,29.9
accounting services providers,0,375,0%,61.87
siem gdpr compliance,0,374,0%,72.57
croner meaning,0,371,0%,11.26
online accounting cpd,0,368,0%,32.51
andrew green accountant,0,368,0%,59.66
insurance brokers shrewsbury,0,368,0%,64.3
cpd in accounting,0,363,0%,42.5
taxwise services,0,361,0%,19.06
section 172 declaration,0,358,0%,13.26
accounting update courses,0,354,0%,39.37
sole practitioners,0,353,0%,20.48
accounting firms near me,0,353,0%,85.04
expert vat consultancy firm,0,351,0%,84
tax accounting near me,0,351,0%,108.25
tax fee protection service,0,349,0%,46.65
certifications required for running care home,0,345,0%,71.31
iam professional services,0,343,0%,63.99
it support company for accounting firms,0,340,0%,76.71
cch login page,0,337,0%,31.44
health and safety advice line,0,337,0%,99.04
cch fee protection,0,333,0%,13.35
medium sized accounting firms,0,333,0%,19.24
krona hr,0,332,0%,7.11
road haulier,0,329,0%,31.47
taxwise online,0,329,0%,49.81
accountancy webinars,0,329,0%,67.98
mid-tier accounting firm,0,328,0%,62.59
small accounting firms in london,0,327,0%,87.83
gdpr compliance,0,326,0%,136.18
qdos taxwise,0,320,0%,27.85
mid tier,0,318,0%,40.27
rospa registration,0,317,0%,45.52
helen jones bdo,0,313,0%,40.92
what does initial period mean,0,313,0%,51.79
tax investigation practitioners,0,313,0%,57.11
tax consultancy,0,313,0%,97.75
autumn statement predictions,0,311,0%,65.46
tax accountant near me,0,310,0%,105.52
accounting resources uk,0,308,0%,3.15
small business accounting firm,0,308,0%,80.97
leading tax professionals,0,306,0%,75.08
cpd accounting,0,303,0%,34.08
hr advice line,0,296,0%,117.64
accounting firm platform,0,295,0%,30.05
section 172 directors duties,0,295,0%,50.52
audit firms,0,294,0%,46.51
accountant firms,0,293,0%,35.03
fca specialists,0,293,0%,90.55
finance teams,0,290,0%,66.91
croners reference book for employers,0,289,0%,22.17
tax investigation insurance for accountants,0,287,0%,61.64
1st commercial insurance,0,287,0%,79.98
accounting content,0,282,0%,54.56
peninsula uk,0,280,0%,39.9
road haulage companies,0,279,0%,89.28
croner group limited,0,277,0%,11.02
small+accountancy+firms,0,276,0%,7.85
navigate to school,0,275,0%,9.61
tax accounting firm,0,275,0%,26.71
cpd accounting course,0,274,0%,38.32
online accounting firm,0,273,0%,58.2
accounting firms in the uk,0,273,0%,78.14
section 172 1 statement,0,271,0%,36.83
insurance against tax investigation,0,270,0%,81.62
road hauliers,0,269,0%,32.65
accounting cpd online,0,268,0%,28.46
insurance broker shrewsbury,0,268,0%,58.32
feefo uk,0,268,0%,73.74
i logo,0,266,0%,60.64
tax helplines,0,264,0%,37.21
hr inform,0,262,0%,7.36
iam,0,262,0%,69.85
cch helpline,0,260,0%,15.05
i-health,0,259,0%,47.69
accounting professionals,0,259,0%,63.58
small sized accounting firms,0,257,0%,9.73
the croner,0,254,0%,7.33
vip phone company,0,250,0%,58.39
tax investigation fee protection insurance,0,248,0%,40.09
tax cpd,0,248,0%,42.53
best uk tax app,0,247,0%,86.92
kroner hr,0,245,0%,3.95
tax investigation cover uk,0,245,0%,36.27
vat and duty consultancy,0,243,0%,80.55
human resources for the care home industry,0,243,0%,158.74
taxwise training,0,242,0%,60.61
cornier eye,0,238,0%,11.08
hr case tracker,0,238,0%,35.15
navigate portal,0,237,0%,9.45
accounting auditing tax services,0,235,0%,13.75
peninsula health assured,0,235,0%,71.4
coroner simplify,0,234,0%,4.07
tolleys cpd,0,234,0%,47.58
it support for accountants in london,0,234,0%,165.71
uk accounting support,0,233,0%,76.38
gdpr compliance review,0,232,0%,85.23
road transport law,0,228,0%,33.15
hr webinars uk,0,228,0%,80.18
vat consultancy firm,0,225,0%,84.41
vip contact,0,222,0%,56.07
accounting firms for small business,0,222,0%,78.57
tax wise accounting,0,221,0%,38.2
i and i,0,220,0%,54.3
small+accounting+firms,0,218,0%,7.7
navigate hr & administrative services,0,217,0%,2.76
uk criminal finances act,0,217,0%,52.54
zoe flude,0,215,0%,7.99
webinars and events,0,209,0%,35.53
farhat audit,0,209,0%,68.04
07862120762,0,208,0%,5.68
icsi birmingham,0,207,0%,75.79
"international accounting, hr & payroll",0,204,0%,78.19
accounting companies in uk,0,204,0%,81.92
taxwise accountancy,0,203,0%,68.92
criminal finances act training,0,203,0%,83.26
mid tier audit firms,0,202,0%,50.3
specialist vat assessment consultancy,0,202,0%,78.95
corporate tax advice,0,201,0%,79.93
peninsula on demand,0,200,0%,23.25
fee protection service,0,200,0%,37.61
accounting mid tier firms,0,198,0%,32.92
s172,0,198,0%,60.28
accountancy firms / accountant firm / accounting firm,0,197,0%,70.49
small firms services,0,196,0%,33.65
icroner login,0,195,0%,9.3
budget red book,0,194,0%,53.13
i trade,0,192,0%,44.13
section 172 companies act 2006,0,191,0%,71.39
cronersimplify,0,190,0%,7.57
hr accountant,0,190,0%,39.03
uk budget summary,0,188,0%,70.91
tax protection services,0,187,0%,75.11
company gdpr policy statement,0,185,0%,33.25
free cpd for accountants,0,184,0%,69.82
full service accounting firm,0,183,0%,42.13
it support and services for accounting firms,0,183,0%,73.62
tax investigation insurance worth it,0,182,0%,76.26
gdpr enterprise system hr,0,181,0%,78.55
autumn budget,0,180,0%,71.7
insurance brokers in shrewsbury,0,180,0%,82.83
autumn budget webinar,0,179,0%,15.17
i/c/o,0,179,0%,32.55
shrewsbury insurance brokers,0,179,0%,56.39
integrated workforce solutions,0,178,0%,18.54
hmrc enquiry insurance,0,178,0%,54.96
taxwise login,0,176,0%,16.03
finance team,0,176,0%,74
tax team,0,175,0%,25.35
h&s advice helpline,0,175,0%,136.66
i.,0,173,0%,59.35
vat assessment specialist consultants,0,173,0%,60.1
navigate login,0,172,0%,12.66
first choice insurance login,0,172,0%,19.27
criminal finance act 2017,0,172,0%,41.91
accounting auditing and bookkeeping,0,172,0%,156.84
i finance,0,171,0%,18.76
taxwise helpline,0,170,0%,8.12
investigation fee,0,169,0%,48.07
accounting firm uk,0,169,0%,84.45
specialist vat assessment consultants,0,169,0%,92.79
tax accounting companies,0,168,0%,29.44
hrinform login,0,167,0%,21.68
tax accounting services,0,167,0%,128.46
health assured hinckley,0,166,0%,29.13
cpd accountants,0,166,0%,48.99
accounting and tax firms,0,163,0%,36.1
company accounting services,0,163,0%,69.61
mid tier accounting company,0,162,0%,34.31
shrewsbury insurance,0,162,0%,80.62
1st choice car insurance,0,161,0%,17.84
cch tax software,0,161,0%,61.31
peninsula,0,160,0%,67.42
navigate log in,0,158,0%,10.05
tax insurance,0,158,0%,37.72
navigate payroll,0,157,0%,13.62
hmrc investigation insurance cover,0,157,0%,50.08
s172 form,0,157,0%,77.64
best tax app uk,0,157,0%,86.11
terms and conditions of service,0,156,0%,75.06
croner i accountancy daily,0,155,0%,9.7
care home internal audit software,0,154,0%,49.4
leading information,0,153,0%,11.25
taxwise accountants,0,152,0%,64.54
gdpr compliance software uk,0,152,0%,88.87
tax consultancy services,0,151,0%,86.89
independent tax advisor,0,148,0%,70.51
lesley fidler employment taxes specialist at rsm,0,147,0%,11.1
section 172 statement examples,0,147,0%,26.83
vat assessment expert consultancy,0,147,0%,54.98
richard palmer associate tax director at grant thornton uk llp,0,146,0%,12.95
peninsula group of companies,0,145,0%,26.81
leading firm of vat experts,0,145,0%,73.1
accountant firm,0,145,0%,75.63
feefo hub,0,145,0%,81.17
icpd online courses,0,144,0%,22.92
tax accountant firm,0,144,0%,39.76
vat assessment review expert consultants,0,144,0%,53.52
tax accountant,0,144,0%,131.65
croner definition,0,142,0%,11.63
cpd accountancy,0,142,0%,46.7
health assured peninsula,0,142,0%,60.97
medium sized accounting firms london,0,141,0%,79.46
experienced vat consultants,0,141,0%,85.84
accounting library london,0,140,0%,10.05
section 172 companies act uk,0,140,0%,68.87
budget webinar,0,138,0%,25.56
free school compliance reminder service,0,138,0%,38.57
expert vat assessment consultants,0,138,0%,77.28
vip content,0,138,0%,85.32
access care compliance,0,137,0%,61.06
choice ins,0,136,0%,24.03
taxwise accounting,0,135,0%,57.78
firm of vat consultants,0,135,0%,91.33
ecpd webinars,0,134,0%,31.37
accounting services companies,0,134,0%,50.09
road transport haulage,0,133,0%,26.78
spring budget update 2024,0,133,0%,36.74
tax auditing software,0,132,0%,50.27
vat assessment expert consultants,0,132,0%,63.21
tax consultants,0,132,0%,176.73
cpd courses for accountants in practice,0,131,0%,43.05
full-service accounting firm,0,131,0%,64.98
i care,0,131,0%,82.4
small business tax audit,0,131,0%,88.63
the peninsula group,0,130,0%,32.78
tax courses online free uk,0,129,0%,50.09
accountancy firms uk,0,129,0%,75.67
hr advice online,0,129,0%,93.09
phil greatrex cw energy llp,0,128,0%,31.19
vat assessment review specialist consultants,0,128,0%,55.93
fca expert,0,128,0%,87.43
fiona gee lexisnexis,0,127,0%,16.98
choice insurance,0,127,0%,32.76
free hr webinars uk,0,127,0%,75.49
large firm,0,126,0%,14.8
cpd accountancy courses,0,126,0%,44.62
autumn budget 2024,0,126,0%,48.87
vat assessment specialist consultancy,0,126,0%,54.31
croner hse,0,125,0%,3.54
peninsula group nz,0,125,0%,49.34
i's,0,125,0%,71.76
secure office,0,125,0%,102.2
uk budget live,0,124,0%,31.78
s172 companies act,0,124,0%,49.73
vat assessment review expert consultant,0,124,0%,66.78
finance navigation,0,124,0%,81.18
accounting professional services,0,124,0%,82.69
accounting services in uk,0,124,0%,107.51
accouting firms,0,123,0%,22.91
cch seminars,0,123,0%,25.72
tax cpd courses,0,122,0%,40.39
professional firm accountants,0,122,0%,48.18
navigation care,0,121,0%,8.23
navigate software,0,121,0%,22.1
accounting webinars,0,121,0%,74.04
cch login,0,119,0%,33.5
who has overall accountability for compliance with the gdpr,0,118,0%,83.09
small accounting firm,0,117,0%,19.37
webinars for accountants,0,117,0%,80.26
gdpr compliance statement example,0,116,0%,22.8
platform accounting,0,116,0%,64.61
it service for accountants & financial firms,0,116,0%,67.55
paul davison tax consultants,0,115,0%,30.78
tax audit,0,115,0%,87.41
events and webinars,0,113,0%,8.52
hmrc worker joanne connell embezzlement,0,113,0%,8.85
tax library,0,113,0%,9.05
accountants cpd courses,0,113,0%,40.76
i terms,0,113,0%,48.32
deepfake iu,0,112,0%,14.37
head of tax,0,112,0%,82.18
accounting services uk,0,112,0%,101.99
accounting cpd training,0,111,0%,32.31
audit services for small business,0,111,0%,72.09
section 172 requirements,0,110,0%,28.31
firm accounting,0,110,0%,36.72
fee protection,0,110,0%,44.13
uk accounting firm,0,110,0%,82.55
vip consultancy services,0,109,0%,15.99
tax protection insurance,0,109,0%,39.78
navigate home,0,109,0%,60.38
blackfriars law reviews,0,109,0%,73.2
audit and tax services,0,109,0%,84.53
paul davison tax,0,108,0%,36.41
richard dew barrister at corporate at 10 old square,0,108,0%,50.93
covid secure risk assessment,0,107,0%,60.96
peninsula business service,0,107,0%,61.61
road transport compliance,0,106,0%,29.84
myvip login,0,106,0%,50.16
free cpd accounting,0,106,0%,71.3
insurance choice,0,105,0%,53.01
i],0,105,0%,59.86
human resources helpline,0,105,0%,66.05
accounting write up services,0,105,0%,70.04
contractor tax enquiry insurance,0,104,0%,74.32
i-experts,0,104,0%,79.77
full service accounting company,0,102,0%,78.81
accountancy daily croner i,0,101,0%,8.28
tax audit company,0,101,0%,51.8
m-z-tex,0,101,0%,52.84
richard dew ten old square,0,101,0%,69.74
mid tier accounting firm,0,100,0%,42.25
audit firm uk,0,100,0%,92.48
vat consultants birmingham,0,99,0%,133.91
cch contact number,0,98,0%,19.43
budget updates,0,98,0%,52.68
accounting audit software,0,98,0%,75.51
i sole,0,97,0%,17.23
ciot login,0,97,0%,36.87
lite stay,0,97,0%,41.62
vip taxes,0,97,0%,45.66
a choice insurance,0,97,0%,52.44
i site,0,97,0%,66.85
gdpr assurance statement,0,96,0%,39.94
covid-19 secure,0,96,0%,73.59
software for accountants and tax practitioners,0,96,0%,80.81
specialist vat investigation consultants,0,96,0%,91.62
philip thornton lexisnexis,0,95,0%,31.78
farhat and co vat services,0,95,0%,33.58
vat assessment specialist consultant,0,95,0%,55.17
small accounting firms near me,0,95,0%,58.94
tolley's practical share and business valuation,0,95,0%,61.65
neil tipping,0,95,0%,64.79
spring budget 2024 summary,0,95,0%,64.89
uk tax courses online free,0,95,0%,69.04
vip group,0,95,0%,72.06
c.c.h. seminars,0,94,0%,25.76
view webinar recording get ready for insurance customers of the future,0,94,0%,56.54
events & upcoming webinars,0,94,0%,57.65
global tax services,0,94,0%,59.85
i',0,94,0%,62.78
accountancy practices near me,0,94,0%,112.31
the croner company,0,93,0%,34.48
vip support,0,93,0%,52.15
navigate to my work,0,93,0%,52.34
www taxwise com training,0,93,0%,64.16
peninsula health and safety,0,93,0%,80.47
uk accounting services,0,93,0%,101.2
cch tax helpline,0,92,0%,18.25
navigate learning login,0,91,0%,7.96
accounting daily,0,91,0%,21.85
audit accounting services,0,91,0%,53.37
budget summary,0,91,0%,73.49
covid secure assessment,0,91,0%,77.69
cpd acca articles,0,91,0%,84.66
get vip phone number,0,91,0%,86.14
vat specialists,0,91,0%,160.55
feefo admin,0,90,0%,69.34
financial audit firms,0,90,0%,77.66
expert vat investigation consultancy,0,90,0%,84.28
accountant near me,0,90,0%,93
kruner.io,0,89,0%,10.62
vat assessment expert consultant,0,89,0%,55.29
vat assessment review specialist consultant,0,89,0%,59.47
cch audit software,0,89,0%,73.39
tax accounting firms near me,0,89,0%,82.37
audit firms in uk,0,89,0%,82.57
exceptional service,0,89,0%,88.44
self-assessment accountant in birmingham,0,89,0%,172.58
navigate hub,0,88,0%,3.03
accountancy cpd courses uk,0,88,0%,27.98
peninsular hr,0,88,0%,34.9
audit and accounting services,0,88,0%,42.18
accountants instant advice,0,88,0%,47.92
day accounting,0,88,0%,91.81
global tax software,0,87,0%,71.61
expert vat investigation consultants,0,87,0%,80.9
cch online login,0,86,0%,15.59
accounting services for accounting firms,0,86,0%,27.49
it services for accounting firms,0,86,0%,67.85
autumn statement 2023 predictions,0,86,0%,71.86
budget 2024 summary,0,86,0%,76.63
autumn statement 2023,0,86,0%,81.78
contact a vat consultancy,0,86,0%,94.64
ciot croner i,0,85,0%,7.36
tax service line,0,85,0%,50.85
as watson login,0,85,0%,57.99
1st choice,0,85,0%,65.51
expert vat assessment consultancy,0,85,0%,77.33
audit corporate accountant services,0,85,0%,83.6
remove paywall,0,85,0%,86.2
vip,0,85,0%,91.45
free cpd for accountants uk,0,84,0%,32.81
online tax advice,0,84,0%,49.19
administration iam,0,84,0%,86.23
taxwise support,0,83,0%,46.3
accounting for accountancy firms,0,83,0%,47.71
accounting audit firms,0,83,0%,53.52
free accounting cpd,0,83,0%,59.45
vat expertise,0,83,0%,77.43
accounting news uk,0,83,0%,84.78
tax consultant,0,83,0%,94.35
peter edwards lexisnexis,0,82,0%,56.35
tolleys online seminars,0,82,0%,58.85
health and safety,0,82,0%,71.01
cpd accounting courses online,0,81,0%,29.19
haulage transport,0,81,0%,117.7
john endacott head of tax at pkf francis clark,0,80,0%,64
blackfriars law,0,80,0%,81.74
tax accountant consultation,0,80,0%,146.05
cch support,0,79,0%,32.84
1st uk commercial ltd,0,79,0%,33.51
sarah bradford director at writetax ltd,0,79,0%,36.53
free accounting cpd webinars,0,79,0%,55.78
tax accounting,0,79,0%,57.42
vat assessment review expert consultancy,0,79,0%,59.56
bright hr login uk,0,79,0%,71.77
holistic management of employee risk,0,79,0%,75.46
peninsular health and safety,0,79,0%,82.14
one choice insurance,0,78,0%,11.35
sharon mckie partner at mckie & co advisory services llp,0,78,0%,18.67
cch online library,0,78,0%,25.56
hr inform log in,0,78,0%,29.27
marketo education,0,78,0%,46.62
interstate road haulage,0,78,0%,57.82
tax and accounting business,0,78,0%,60.54
croner i cta legislation,0,77,0%,7.38
i navigate,0,77,0%,13.04
corporate navigation,0,77,0%,14.01
mid size accounting firms,0,77,0%,19.52
croner hr reviews,0,77,0%,22.03
peninsula business services limited,0,77,0%,23.95
budget 2024,0,77,0%,60.82
large accountancy firms,0,77,0%,62.38
specialist vat investigation consultancy,0,77,0%,87.26
cch daily,0,76,0%,7.8
haulage road,0,76,0%,42.62
first choice car insurance,0,76,0%,47.84
tax & vat enquiry fee protection service,0,76,0%,61.93
cpd tracker,0,76,0%,85.89
expert vat investigation consultant,0,76,0%,86.59
helen jackson lexisnexis,0,75,0%,26.28
what is a sole practitioner,0,75,0%,29
peninsula employment services,0,75,0%,45.44
peninsula employment law advice,0,75,0%,67.31
how much does cch tax software cost,0,75,0%,70.69
tax audit uk,0,75,0%,78.11
small firm services,0,74,0%,10.99
navigate road,0,74,0%,13.11
simon mckie chairman of mckie & co advisory services llp,0,74,0%,14.96
tax advice line,0,74,0%,16.24
i transport,0,74,0%,23.45
tax and legal information,0,74,0%,74.14
firm of accountants,0,74,0%,81.41
hr support,0,74,0%,163.22
i ltd,0,73,0%,15.6
free accounting advice,0,73,0%,85.82
hr construction advice,0,73,0%,155.33
autumn budget 2024 predictions,0,72,0%,40.99
tax accounting uk,0,72,0%,45.54
consulting accounting firms,0,72,0%,62.72
uk audit firms,0,72,0%,69.01
"all of these choices are examples of web browsers 
except:bingchromefirefoxsafari",0,71,0%,39.38
lt accountancy ltd,0,71,0%,40.11
what does initial term mean in a contract,0,71,0%,43.39
accounting services ltd,0,71,0%,48.15
iam institute,0,71,0%,57.38
vat tax consultant,0,71,0%,64.76
accounting and finance webinars,0,71,0%,83.97
accounting resources,0,70,0%,15.84
croner jobs hinckley,0,70,0%,18.21
"neil warren independent vat consultant and author at warren accounting 
services ltd",0,70,0%,21.5
hr tax,0,70,0%,28.59
aswatson login,0,70,0%,48.24
tolley cpd seminars online,0,70,0%,52.99
the accounting library,0,70,0%,88.1
croner i cta,0,69,0%,5.8
croner i jobs,0,69,0%,11.57
company information uk,0,69,0%,54.39
firefox cookie audit,0,69,0%,61.14
i team,0,69,0%,76.7
healthcare hr consultancy,0,69,0%,145.45
fraudulent website warning,0,68,0%,8.94
vat assessment review consultants,0,68,0%,44.96
my vip number,0,68,0%,79.4
small accountancy firms in manchester,0,68,0%,91.4
croner i student login,0,67,0%,6.13
i:co,0,67,0%,36.55
1st insurance,0,67,0%,40.73
cch accounting,0,67,0%,60.39
accounting audit firm,0,67,0%,65.15
tax assist accountants,0,67,0%,68.31
tier packages,0,67,0%,77.49
expert tax,0,67,0%,91.09
navigate products,0,66,0%,18.97
croner jobs,0,66,0%,25.92
gdpr company statement,0,66,0%,52.77
administrative management,0,66,0%,56.33
micro entity accounts software,0,66,0%,94.88
accounting and auditing firms,0,65,0%,52.32
accountancy companies,0,65,0%,71.42
audit firms uk,0,65,0%,80.02
early years tracker,0,65,0%,82.97
mid navigate login,0,64,0%,8.36
cch tax support,0,64,0%,27.23
cch group,0,64,0%,53.88
early years - the organisation for young children,0,64,0%,56.28
midtier,0,64,0%,66.94
taxwise training login,0,64,0%,84.16
croner pd,0,63,0%,37.06
verifiable cpd,0,63,0%,44.4
please make sure that third-party cookies are permitted or that,0,63,0%,51.79
my vip login,0,63,0%,53.75
consult vat expert consultant,0,63,0%,85.78
accounting and tax services birmingham,0,63,0%,189.52
cronser,0,62,0%,5.18
1st choice insurance login,0,62,0%,9.58
croner definition money,0,62,0%,10.45
kroner,0,62,0%,30.11
what is rospa,0,62,0%,55.6
tax advisor magazine,0,62,0%,63.05
data protection officer compliance services canada,0,62,0%,63.73
240 blackfriars road,0,62,0%,94.15
cr√∂ner,0,61,0%,1.26
navigate payroll company,0,61,0%,38.95
i-team,0,61,0%,82.26
accountancy insurance,0,61,0%,125.56
tax experts near me,0,61,0%,129.43
i uk,0,60,0%,14.7
safety lite,0,60,0%,24.68
tax enquiry fee protection,0,60,0%,26.03
rospa uk,0,60,0%,32.02
acccounting firms,0,60,0%,43.8
inform accounting,0,60,0%,47.52
criminal finances act 2017 tax evasion,0,60,0%,64.05
accounting consultancy,0,60,0%,84.55
inom,0,59,0%,8.93
viptax,0,59,0%,23.39
road haulage service,0,59,0%,72.66
tax finance,0,59,0%,75.98
consult vat expert consultancy,0,59,0%,95.92
andy francis hw fisher,0,58,0%,8.22
accounting firms services,0,58,0%,22.98
tax audit accountant,0,58,0%,39.26
autumn budget predictions,0,58,0%,44
auditing software for accountants,0,58,0%,58.91
early years tracking tool,0,58,0%,74.34
it support accounting,0,58,0%,80.55
pro tax plus,0,58,0%,85.71
i limited,0,57,0%,11.44
peninsula australia hr,0,57,0%,33.28
peninsula business services ltd,0,57,0%,34.39
professional accounting and tax service,0,57,0%,35.09
navigate company,0,57,0%,40.14
vat assessment review consultant,0,57,0%,65.63
uk spring budget summary,0,57,0%,67.35
integrated workforce management,0,57,0%,93.65
health and safety number,0,57,0%,164.68
cronir,0,56,0%,5.61
croner i legislation,0,56,0%,9.62
gemma davies bdo,0,56,0%,15.25
tim palmer tax,0,56,0%,18.16
our experts,0,56,0%,19.68
autumn budget 2024 summary,0,56,0%,41.57